EstTriCount,Factor,RatioR1,RatioR2,Exact
432,4,14.9236,3.71112,2047
892,4,15.1231,3.74009,4104
1752,4,15.2043,3.69469,8215
3580,4,15.0551,3.69962,16442
7143,4,14.9946,3.65958,32921
14257,4,15.1947,3.68828,65872
28466,4,15.1076,3.67803,131842
57353,4,15.0997,3.68491,263620
114282,4,15.0968,3.6711,527234
